id,group,median
1,0.1,100.0
2,0.2,100.0
3,0.3,100.0
4,0.4,100.0
5,0.5,100.0
6,0.6,98.36065573770492
7,0.7,98.36065573770492
8,0.8,98.36065573770492
9,0.9,98.36065573770492
10,1.0,98.36065573770492
11,1.1,98.36065573770492
12,1.2,98.36065573770492
13,1.3,98.36065573770492
14,1.4,98.36065573770492
15,1.5,96.72131147540983
16,1.6,96.72131147540983
17,1.7,95.90163934426229
18,1.8,95.08196721311475
19,1.9,93.44262295081967
20,2.0,96.72131147540983
21,2.1,95.08196721311475
22,2.2,93.44262295081967
23,2.3,91.80327868852459
24,2.4,91.80327868852459
25,2.5,90.1639344262295
26,2.6,88.52459016393442
27,2.7,90.1639344262295
28,2.8,86.88524590163935
29,2.9,87.70491803278688
30,3.0,83.60655737704919
31,3.1,80.32786885245902
32,3.2,72.1311475409836
33,3.3,78.68852459016394
34,3.4,77.04918032786885
35,3.5,68.85245901639344
36,3.6,68.85245901639344
37,3.7,65.57377049180327
38,3.8,63.114754098360656
39,3.9,65.57377049180327
40,4.0,54.09836065573771
41,4.1,57.377049180327866
42,4.2,50.81967213114754
43,4.3,45.90163934426229
44,4.4,45.90163934426229
45,4.5,44.26229508196721
46,4.6,44.26229508196721
47,4.7,37.704918032786885
48,4.8,36.0655737704918
49,4.9,39.34426229508197
50,5.0,32.78688524590164
51,5.1,36.0655737704918
52,5.2,27.868852459016395
53,5.3,31.147540983606557
54,5.4,27.868852459016395
55,5.5,32.78688524590164
56,5.6,29.508196721311474
57,5.7,29.508196721311474
58,5.8,22.950819672131146
59,5.9,26.229508196721312
60,6.0,24.59016393442623
61,6.1,21.311475409836067
62,6.2,22.950819672131146
63,6.3,21.311475409836067
64,6.4,24.59016393442623
65,6.5,18.0327868852459
66,6.6,19.672131147540984
67,6.7,19.672131147540984
68,6.8,16.39344262295082
69,6.9,18.0327868852459
70,7.0,18.0327868852459
71,7.1,16.39344262295082
72,7.2,14.754098360655737
73,7.3,16.39344262295082
74,7.4,13.114754098360656
75,7.5,14.754098360655737
76,7.6,13.114754098360656
77,7.7,11.475409836065573
78,7.8,14.754098360655737
79,7.9,13.114754098360656
80,8.0,13.114754098360656
81,8.1,11.475409836065573
82,8.2,11.475409836065573
83,8.3,9.836065573770492
84,8.4,11.475409836065573
85,8.5,11.475409836065573
86,8.6,11.475409836065573
87,8.7,11.475409836065573
88,8.8,9.836065573770492
89,8.9,11.475409836065573
90,9.0,9.836065573770492
91,9.1,9.836065573770492
92,9.2,9.836065573770492
93,9.3,8.19672131147541
94,9.4,9.836065573770492
95,9.5,8.19672131147541
96,9.6,8.19672131147541
97,9.7,9.836065573770492
98,9.8,8.19672131147541
99,9.9,8.19672131147541
100,10.0,9.836065573770492
101,10.1,8.19672131147541
102,10.2,8.19672131147541
103,10.3,8.19672131147541
104,10.4,8.19672131147541
105,10.5,8.19672131147541
106,10.6,8.19672131147541
107,10.7,6.557377049180328
108,10.8,6.557377049180328
109,10.9,8.19672131147541
110,11.0,8.19672131147541
111,11.1,8.19672131147541
112,11.2,6.557377049180328
113,11.3,6.557377049180328
114,11.4,6.557377049180328
115,11.5,6.557377049180328
116,11.6,6.557377049180328
117,11.7,6.557377049180328
118,11.8,6.557377049180328
119,11.9,6.557377049180328
120,12.0,4.918032786885246
121,12.1,6.557377049180328
122,12.2,6.557377049180328
123,12.3,6.557377049180328
124,12.4,6.557377049180328
125,12.5,6.557377049180328
126,12.6,4.918032786885246
127,12.7,6.557377049180328
128,12.8,6.557377049180328
129,12.9,4.918032786885246
130,13.0,4.918032786885246
131,13.1,4.918032786885246
132,13.2,4.918032786885246
133,13.3,6.557377049180328
134,13.4,4.918032786885246
135,13.5,4.918032786885246
136,13.6,4.918032786885246
137,13.7,4.918032786885246
138,13.8,4.918032786885246
139,13.9,4.918032786885246
140,14.0,4.918032786885246
141,14.1,4.918032786885246
142,14.2,4.918032786885246
143,14.3,4.918032786885246
144,14.4,4.918032786885246
145,14.5,4.918032786885246
146,14.6,4.918032786885246
147,14.7,4.918032786885246
148,14.8,4.918032786885246
149,14.9,4.918032786885246
150,15.0,4.918032786885246
151,15.1,4.918032786885246
152,15.2,4.918032786885246
153,15.3,4.918032786885246
154,15.4,4.918032786885246
155,15.5,4.918032786885246
156,15.6,4.918032786885246
157,15.7,4.918032786885246
158,15.8,4.918032786885246
159,15.9,4.918032786885246
160,16.0,4.918032786885246
161,16.1,4.918032786885246
162,16.2,4.918032786885246
163,16.3,4.918032786885246
164,16.4,4.918032786885246
165,16.5,4.918032786885246
166,16.6,4.918032786885246
167,16.7,4.918032786885246
168,16.8,4.918032786885246
169,16.9,4.918032786885246
170,17.0,4.918032786885246
171,17.1,4.918032786885246
172,17.2,4.918032786885246
173,17.3,4.918032786885246
174,17.4,4.918032786885246
175,17.5,4.918032786885246
176,17.6,4.918032786885246
177,17.7,4.918032786885246
178,17.8,4.918032786885246
179,17.9,4.918032786885246
180,18.0,4.918032786885246
181,18.1,4.918032786885246
182,18.2,4.918032786885246
183,18.3,4.918032786885246
184,18.4,4.918032786885246
185,18.5,4.918032786885246
186,18.6,4.918032786885246
187,18.7,4.918032786885246
188,18.8,4.918032786885246
189,18.9,4.918032786885246
190,19.0,4.918032786885246
191,19.1,4.918032786885246
192,19.2,4.918032786885246
193,19.3,4.918032786885246
194,19.4,4.918032786885246
195,19.5,4.918032786885246
196,19.6,4.918032786885246
197,19.7,4.918032786885246
198,19.8,4.918032786885246
199,19.9,4.918032786885246
200,20.0,4.918032786885246
201,20.1,4.918032786885246
202,20.2,4.918032786885246
203,20.3,4.918032786885246
204,20.4,4.918032786885246
205,20.5,4.918032786885246
206,20.6,4.918032786885246
207,20.7,4.918032786885246
208,20.8,4.918032786885246
209,20.9,4.918032786885246
210,21.0,4.918032786885246
211,21.1,4.918032786885246
212,21.2,4.918032786885246
213,21.3,4.918032786885246
214,21.4,4.918032786885246
215,21.5,4.918032786885246
216,21.6,4.918032786885246
217,21.7,4.918032786885246
218,21.8,4.918032786885246
219,21.9,4.918032786885246
220,22.0,4.918032786885246
221,22.1,4.918032786885246
222,22.2,4.918032786885246
223,22.3,3.278688524590164
224,22.4,4.918032786885246
225,22.5,4.918032786885246
226,22.6,4.918032786885246
227,22.7,4.918032786885246
228,22.8,3.278688524590164
229,22.9,4.918032786885246
230,23.0,4.918032786885246
231,23.1,4.918032786885246
232,23.2,4.918032786885246
233,23.3,4.918032786885246
234,23.4,3.278688524590164
235,23.5,4.918032786885246
236,23.6,4.918032786885246
237,23.7,4.918032786885246
238,23.8,4.918032786885246
239,23.9,4.918032786885246
240,24.0,4.918032786885246
241,24.1,4.918032786885246
242,24.2,4.918032786885246
243,24.3,3.278688524590164
244,24.4,4.918032786885246
245,24.5,4.918032786885246
246,24.6,4.918032786885246
247,24.7,3.278688524590164
248,24.8,4.918032786885246
249,24.9,4.918032786885246
250,25.0,4.918032786885246
251,25.1,4.918032786885246
252,25.2,4.918032786885246
253,25.3,4.918032786885246
254,25.4,4.918032786885246
255,25.5,4.918032786885246
256,25.6,4.918032786885246
257,25.7,4.918032786885246
258,25.8,4.918032786885246
259,25.9,4.918032786885246
260,26.0,4.918032786885246
261,26.1,4.918032786885246
262,26.2,4.918032786885246
263,26.3,4.918032786885246
264,26.4,4.918032786885246
265,26.5,4.918032786885246
266,26.6,4.918032786885246
267,26.7,3.278688524590164
268,26.8,4.918032786885246
269,26.9,4.918032786885246
270,27.0,4.918032786885246
271,27.1,4.918032786885246
272,27.2,3.278688524590164
273,27.3,3.278688524590164
274,27.4,4.918032786885246
275,27.5,4.918032786885246
276,27.6,4.918032786885246
277,27.7,4.918032786885246
278,27.8,4.918032786885246
279,27.9,4.918032786885246
280,28.0,4.918032786885246
